andrea slim;12345;ejemplo@ejemplo.com
andrea slim;12346;ejemplo@ejemplo.com
andrea slim;12347;ejemplo@ejemplo.com
andrea slim;12348;ejemplo@ejemplo.com
andrea slim;12349;ejemplo@ejemplo.com
andrea slim;12350;ejemplo@ejemplo.com
andrea slim;12351;ejemplo@ejemplo.com
andrea slim;12352;ejemplo@ejemplo.com
andrea slim;12353;ejemplo@ejemplo.com
andrea slim;12354;ejemplo@ejemplo.com
andrea slim;12355;ejemplo@ejemplo.com
andrea slim;12356;ejemplo@ejemplo.com
andrea slim;12357;ejemplo@ejemplo.com
andrea slim;12358;ejemplo@ejemplo.com
andrea slim;12359;ejemplo@ejemplo.com
andrea slim;12360;ejemplo@ejemplo.com
andrea slim;12361;ejemplo@ejemplo.com
andrea slim;12362;ejemplo@ejemplo.com
